State Name,pH,Conductivity,BOD (mg/L),Nitrate N (mg/L),Faecal Coliform (MPN/100ml),Total Coliform (MPN/100ml),Total Dissolved Solids (mg/L),Fluoride (mg/L)
,,,,,,,,
AP,7.3,776.1333333,2.05,8.825,3,69.5,782,0.6
AP,8.1,619.7,2.2,4.425,3.5,69.5,623,1.05
AP,7.8,759.2666667,1.9,2.24,4.5,84,764,0.4
AP,7.1,2535.7,2.9,23.25,5.5,93,2576,0.95
AP,8.1,2202.7,2.05,24.625,3.5,78,2242,0.45
AP,7.8,1362.933333,1.6,4.035,3,24.5,1214,0.7
AP,8,716.6666667,2.2,2.825,5.5,81.5,711,0.9
AP,7.6,7515.866667,2.35,8.8,8,135,7654,0.5
AP,7.1,1610.033333,1,6.85,3,11.5,1332.5,0.95
AP,7.1,2448.366667,1,10.9,4,17.5,2006,1
AP,8.1,1274.7,1.6,1.55,3,17.5,1164,0.85
AP,7.3,1540.1,1,6,3,9,1211,0.5
AP,7.3,4798.766667,1,6,2,8,4240.5,1.05
AP,7.6,701.2,1.5,3.22,3,93,680,0.7
AP,7.1,762.3666667,2.4,8,4,93,746,0.8
AP,7.3,6532.433333,2.1,6.305,3,25.5,6117,1.55
AP,7.8,1284.933333,1.6,0.5,3,30,1140,0.3
AP,7.6,588.2,2,0.945,5.5,84,600,0.65
AP,7.5,933.8333333,1,2,2.5,7,749,0.85
AP,7.3,766.7666667,1,2.3,2,6.5,612,0.45
AP,7.9,3396.966667,1,8.4,2.5,15.5,2969,1.55
AP,8.1,729.3666667,1.3,1.14,3,18,644,0.45
AP,7.9,1289.3,1.6,0.45,3,21.5,1135,0.35
AP,7.6,2572.533333,2.1,3.135,3,20.5,2329,0.9
AP,7.5,588.8333333,1.4,0.9,3,14.5,529,0.55
AP,8.1,3012.7,2.1,3.68,3,28,2815,0.5
AP,7.4,2056.466667,1,11.75,5.5,36.5,1687,0.9
AP,7.6,1200.2,2.2,10.65,3.5,75,1216,0.4
AP,7.9,1455.966667,2.15,7.35,4,84,1502,1.2
AP,7.7,816.5666667,2.1,2.84,4,75,816,0.65
AP,7.5,1521.5,2.9,6.95,7,106.5,1554,0.8
AP,7.9,772.6333333,1.85,2.185,6,75,786,0.65
AP,8.1,1255.033333,1.6,1.295,3,21.5,1128,0.55
AS,7.2,187.0666667,2.3,0.75,2,2,190,0.3
AS,7.5,213.5,2.05,0.8,2,2,176,0.3
AS,7.6,254.5333333,2.3,0.85,2,2,210,0.3
AS,7.1,222.3666667,2.4,1.25,2,2,201,0.25
AS,7.2,207.7333333,2.3,0.8,#DIV/0!,#DIV/0!,176,0.3
AS,7.6,272.2,2.4,0.9,2,2,221,0.3
AS,7.3,193.1,2.4,0.75,2,2,163,0.3
AS,7.8,237.9333333,2.3,0.9,2,2,197,0.35
AS,7.4,164.8,2.15,0.85,2,2,142,0.3
AS,7.7,212.5666667,2,0.9,#DIV/0!,#DIV/0!,178,0.3
AS,7.8,178.6,2,0.9,2,2,146,0.3
AS,8,171.6666667,2.2,1,2,2,144,0.3
AS,7.6,213.5333333,2.1,0.8,2,2,175,0.3
AS,7.7,217.9,2.05,0.85,2,2,183,0.3
AS,7.8,175.9333333,2.25,0.8,2,2,148,0.3
AS,8,247.6666667,2.3,0.8,2,2,203,0.3
AS,7.4,174.1333333,2,0.85,2,2,147,0.3
AS,7.4,223.8,2.5,0.95,2,2,186,0.25
AS,7,210.3333333,2.2,0.9,#DIV/0!,#DIV/0!,180,0.3
AS,7.7,219.5666667,2.4,0.85,2,2,183,0.3
AS,7.2,170.0666667,2.1,0.85,2,2,144,0.3
AS,7.5,229.8333333,2.2,0.95,2,2,188,0.3
AS,7.4,179.8,2.5,1,2,2,151,0.3
AS,7.3,216.1,2,0.7,2,2,178,0.35
AS,7.2,169.0666667,2.15,0.7,2,2,146,0.3
AS,7.3,187.1,2.15,0.85,2,2,158,0.3
AS,7.3,212.1,2.15,0.8,2,2,178,0.3
AS,7.8,243.6,2.1,0.9,2,2,202,0.3
AS,8,169,2.25,0.65,2,2,143,0.4
AS,7.5,152.5,1.95,0.8,2,2,131,0.3
AS,7.2,219.0666667,2.3,0.9,2,2,179,0.3
AS,7.6,140.2,2.1,0.85,2,2,122,0.3
AS,7.5,207.1666667,2,0.7,#DIV/0!,#DIV/0!,172,0.3
AS,7.3,160.4333333,2.2,0.85,2,2,136,0.3
AS,7.2,223.0666667,2.35,0.75,2,2,182,0.3
AS,7.7,221.9,2.1,1,2,2,185,0.3
AS,7.3,211.1,2.1,0.75,2,2,175,0.3
AS,7.9,186.9666667,2.45,0.9,2,2,156,0.45
AS,7,203,2.3,0.8,2,2,169,0.3
AS,7.2,243.4,2.2,0.8,2,2,200,0.3
AS,7.2,211.7333333,2.1,0.7,2,2,174,0.3
AS,7.2,221.0666667,2.2,0.8,#DIV/0!,#DIV/0!,186,0.3
AS,7.4,177.1333333,2.15,0.95,2,2,152,0.3
AS,7.6,215.8666667,1.85,0.75,2,2,178,0.3
AS,7.1,167.0333333,2.3,0.8,#DIV/0!,#DIV/0!,144,0.3
AS,7.3,175.7666667,2.2,0.7,#DIV/0!,#DIV/0!,150,0.3
AS,7.4,132.4666667,2.1,0.9,2,2,114,0.3
AS,7.4,155.1333333,2.25,0.95,2,2,132.5,0.3
AS,7.9,277.3,2.4,0.9,2,2,230,0.3
AS,7.7,182.5666667,2.25,0.8,2,2,156,0.3
AS,7.3,177.7666667,2.2,0.7,2,2,150,0.3
AS,7.6,205.8666667,2.25,0.8,2,2,170,0.45
AS,7.4,229.1333333,2.35,0.95,2,2,188,0.3
AS,6.9,159.3,2.2,0.75,2,2,135,0.3
AS,7.2,139.0666667,2.1,0.8,#DIV/0!,#DIV/0!,120,0.3
AS,8,263.3333333,2.5,1.25,2,2,216,0.5
AS,7.2,193.4,2.1,0.75,2,2,163,0.3
AS,7.4,179.1333333,2.4,0.9,#DIV/0!,#DIV/0!,154,0.3
AS,7.5,63.16666667,2,0.6,#DIV/0!,#DIV/0!,62,0.3
AS,7.6,247.2,2.35,0.8,2,2,204,0.3
AS,7,236.6666667,2.3,0.9,2,2,206,0.3
AS,7.3,263.1,2.35,0.9,2,2,214,0.25
BH,7.3,620.4333333,#DIV/0!,2.79,#DIV/0!,#DIV/0!,594,0.2
BH,7.7,309.5666667,#DIV/0!,1.96,811.5,811.5,291,0.25
BH,7.5,298.5,#DIV/0!,1.91,#DIV/0!,#DIV/0!,291,0.25
BH,7.6,308.8666667,#DIV/0!,1.565,462.5,464.5,310,0.25
BH,7.5,327.8333333,#DIV/0!,1.585,7,12.5,313,0.3
BH,7.5,429.8333333,#DIV/0!,2.58,7,16,416,0.2
BH,7,775.6666667,#DIV/0!,0.34,9,16,742,0.3
BH,7.6,199.8666667,#DIV/0!,2.39,#DIV/0!,#DIV/0!,192,0.2
BH,7.7,501.2333333,#DIV/0!,3.385,350,920,482,0.3
BH,7.6,232.5333333,#DIV/0!,0.3,#DIV/0!,#DIV/0!,218,0.2
BH,7.5,556.1666667,#DIV/0!,1.89,23,33,509,0.25
BH,7.7,554.5666667,#DIV/0!,0.3,23,23,544,0.2
BH,7.2,647.7333333,#DIV/0!,0.39,23,23,636,0.2
BH,7.9,257.9666667,#DIV/0!,0.3,23,23,250,0.2
BH,7.7,525.9,#DIV/0!,4.82,23,23,524,0.3
BH,7.4,161.1333333,#DIV/0!,1.12,23,23,156,0.2
BH,8,293,#DIV/0!,0.61,35000,35000,292,0.25
BH,7,587,#DIV/0!,0.3,#DIV/0!,#DIV/0!,574,0.2
BH,7.4,264.1333333,#DIV/0!,1.2,23,23,252,0.25
BH,8.1,646.0333333,#DIV/0!,2.095,33,49,629,0.25
BH,7.9,383.3,#DIV/0!,0.36,23,23,378,0.2
BH,7.2,518.4,#DIV/0!,1.37,#DIV/0!,#DIV/0!,500,0.2
BH,7.8,695.9333333,#DIV/0!,0.98,23,23,732,0.3
BH,7.9,157.3,#DIV/0!,0.3,23,23,154,0.2
BH,7.2,855.7333333,#DIV/0!,2.57,23,23,908,0.2
BH,7.5,742.5,#DIV/0!,4.37,23,23,780,0.2
BH,7.4,625.8,#DIV/0!,0.3,23,23,612,0.2
BH,7.9,181.9666667,#DIV/0!,0.3,23,23,172,0.2
BH,8.6,603.2,#DIV/0!,3.96,23,23,585,0.25
BH,8.3,554.4333333,#DIV/0!,1.25,177.5,273.5,551,0.25
BH,7,922.3333333,#DIV/0!,1.35,7,9,911,0.3
BH,7.2,477.7333333,#DIV/0!,1.84,#DIV/0!,#DIV/0!,467,0.25
BH,7.6,201.8666667,#DIV/0!,0.3,23,23,194,0.2
BH,7.9,197.6333333,#DIV/0!,2.995,23,23,193,0.2
BH,7.3,301.1,#DIV/0!,0.3,23,23,292,0.2
BH,6.9,832.3,#DIV/0!,0.3,16,76.5,810,0.25
BH,8,496.6666667,#DIV/0!,3.15,#DIV/0!,#DIV/0!,491,0.2
BH,7.7,306.2333333,#DIV/0!,1.805,12.5,12.5,304,0.25
BH,7.1,689.0333333,#DIV/0!,0.3,12,23,678,0.2
BH,7.1,878.0333333,#DIV/0!,2.56,23,23,865,0.2
BH,7.1,391.0333333,#DIV/0!,5.53,23,23,374,0.2
BH,7.6,611.8666667,#DIV/0!,1.825,14,14,599,0.2
BH,7.3,383.4333333,#DIV/0!,1.515,#DIV/0!,#DIV/0!,370,0.2
BH,7.1,1082.366667,#DIV/0!,1.62,23,23,1018,0.2
BH,8,301,#DIV/0!,2.68,#DIV/0!,#DIV/0!,287,0.2
BH,7.2,336.7333333,#DIV/0!,1.05,23,23,330,0.25
BH,7.4,343.1333333,#DIV/0!,2.285,5,6,377,0.25
BH,7.7,533.9,#DIV/0!,2.385,23,23,518,0.2
BH,8.1,237.3666667,#DIV/0!,0.3,7,7,228,0.2
BH,7.9,241.9666667,#DIV/0!,1.1,23,49,240,0.25
BH,7.3,772.7666667,#DIV/0!,3.775,23,23,769,0.25
BH,7.2,782.4,#DIV/0!,5.3,23,23,758,0.2
BH,7.1,889.0333333,#DIV/0!,2.85,23,23,898,0.2
BH,7.9,217.9666667,#DIV/0!,1.49,51,51,213,0.25
BH,7.2,173.7333333,#DIV/0!,0.3,#DIV/0!,#DIV/0!,172,0.2
BH,7.5,421.8333333,#DIV/0!,3.32,27,27,413,0.2
BH,8.6,430.5333333,#DIV/0!,2.51,5,7,428,0.2
BH,7.7,448.2333333,#DIV/0!,2.095,23,23,435,0.25
BH,7.9,524.9666667,#DIV/0!,2.575,23,12.5,266,0.2
BH,7.3,326.4333333,#DIV/0!,1.14,23,23,326,0.2
BH,7.1,962.3666667,#DIV/0!,2.59,#DIV/0!,#DIV/0!,1002,0.2
BH,7.8,631.9333333,#DIV/0!,5.34,23,23,648,0.2
BH,8.2,210.7333333,#DIV/0!,0.3,12,23,202,0.2
BH,8.7,322.9,#DIV/0!,5.12,#DIV/0!,#DIV/0!,322,0.2
BH,7,749,#DIV/0!,0.75,23,23,732,0.2
BH,7.2,547.7333333,#DIV/0!,1.67,#DIV/0!,#DIV/0!,550,0.2
BH,7.8,1389.266667,#DIV/0!,5.69,5,9,1476,0.2
BH,7.9,163.3,#DIV/0!,0.3,23,23,160,0.2
BH,7.9,492.6333333,#DIV/0!,0.88,7,9,482,0.2
CH,7.2,508.4,1.1,6.65,2,37,454,0.5
CH,7.3,538.4333333,1.1,3.55,2,56,497,0.2
CH,7.4,604.1333333,1.25,3,3.5,49,500,0.3
CH,7.3,354.1,1,5.65,2,37.5,343,0.2
CH,7.1,477.3666667,1.25,3.25,2,25,425,0.45
CH,7,566.3333333,1,3.6,2,50.5,442,0.25
CH,7.3,416.7666667,1,2.35,2,28.5,358,0.9
CT,7.3,1537.1,1,1.05,2,2,164,#DIV/0!
CT,7.2,16987.06667,1,0.74,2,2,270.5,#DIV/0!
CT,7.2,3267.733333,1,0.645,2,2,249,#DIV/0!
CT,7.5,254.5,#DIV/0!,0.3,#DIV/0!,#DIV/0!,310,#DIV/0!
CT,7.4,234.4666667,#DIV/0!,0.3,2,2,248,#DIV/0!
CT,7.5,173.1666667,#DIV/0!,#DIV/0!,#DIV/0!,#DIV/0!,191,#DIV/0!
CT,7.4,174.8,#DIV/0!,#DIV/0!,#DIV/0!,#DIV/0!,191.5,#DIV/0!
CT,7.5,7.5,6,0.6,#DIV/0!,#DIV/0!,150,#DIV/0!
DD,7.2,295.7333333,1,3.72,22.5,50,286.5,0.2
DD,7.1,552.0333333,1,3.785,2,6,580,0.35
DD,7.3,391.1,1,0.32,2,7,387,0.85
DD,7.1,817.0333333,1,1.725,2,7,806.5,0.35
DD,7.3,499.7666667,1,1.985,2,6.5,480,0.6
DD,7.3,269.1,1,1.075,2,6,300,0.5
DD,7.4,299.8,1,3.6,10,24.5,289,0.2
DD,6.9,328.3,1,2.395,8.5,11,329.5,0.35
DD,7.2,1906.4,1,4.915,2,4,1924,0.75
DD,7.7,1397.566667,1,1.76,2,7,1304.5,0.4
DD,7.3,2074.766667,1,2.05,2,9,2159.5,0.3
DL,7.4,7.4,#DIV/0!,0.3,#DIV/0!,#DIV/0!,669,#DIV/0!
DL,7.5,7.5,#DIV/0!,0.48,#DIV/0!,#DIV/0!,675,#DIV/0!
DL,7.1,7.1,#DIV/0!,0.76,#DIV/0!,#DIV/0!,461,#DIV/0!
DL,7.4,7.4,#DIV/0!,0.3,#DIV/0!,#DIV/0!,346,#DIV/0!
DL,6.7,6.7,#DIV/0!,0.47,#DIV/0!,#DIV/0!,288,#DIV/0!
DL,7.2,7.2,#DIV/0!,0.3,#DIV/0!,#DIV/0!,559,#DIV/0!
DL,6.7,6.7,#DIV/0!,0.3,#DIV/0!,#DIV/0!,577,#DIV/0!
DL,7.3,7.3,#DIV/0!,0.76,#DIV/0!,#DIV/0!,590,#DIV/0!
DL,7,7,#DIV/0!,0.4,#DIV/0!,#DIV/0!,679,#DIV/0!
DL,6.9,6.9,#DIV/0!,0.3,#DIV/0!,#DIV/0!,496,#DIV/0!
DL,7,7,#DIV/0!,0.3,#DIV/0!,#DIV/0!,383,#DIV/0!
DL,7.2,7.2,#DIV/0!,0.86,#DIV/0!,#DIV/0!,375,#DIV/0!
DL,6.9,6.9,#DIV/0!,0.57,#DIV/0!,#DIV/0!,441,#DIV/0!
DL,7.2,7.2,#DIV/0!,0.5,#DIV/0!,#DIV/0!,536,#DIV/0!
DL,6.9,6.9,#DIV/0!,0.3,#DIV/0!,#DIV/0!,358,#DIV/0!
DL,6.9,6.9,#DIV/0!,0.36,#DIV/0!,#DIV/0!,807,#DIV/0!
DL,7.3,7.3,#DIV/0!,0.5,#DIV/0!,#DIV/0!,698,#DIV/0!
DL,7.3,7.3,#DIV/0!,0.3,#DIV/0!,#DIV/0!,480,#DIV/0!
DL,7,7,#DIV/0!,0.69,#DIV/0!,#DIV/0!,768,#DIV/0!
DL,6.9,6.9,#DIV/0!,0.56,#DIV/0!,#DIV/0!,450,#DIV/0!
DL,7.3,7.3,#DIV/0!,1.01,#DIV/0!,#DIV/0!,838,#DIV/0!
DL,7.2,1627.066667,#DIV/0!,1.15,2,2,1424,0.4
DL,7.1,7.1,#DIV/0!,0.3,#DIV/0!,#DIV/0!,1080,#DIV/0!
DL,7,7,#DIV/0!,0.3,#DIV/0!,#DIV/0!,394,#DIV/0!
DL,7.3,7.3,#DIV/0!,0.3,#DIV/0!,#DIV/0!,1115,#DIV/0!
DL,7.4,7.4,#DIV/0!,1.5,#DIV/0!,#DIV/0!,1110,#DIV/0!
DL,7.1,7.1,#DIV/0!,0.3,#DIV/0!,#DIV/0!,1970,#DIV/0!
DL,7.7,7.7,#DIV/0!,0.34,#DIV/0!,#DIV/0!,312,#DIV/0!
DL,7,7,#DIV/0!,0.3,#DIV/0!,#DIV/0!,485,#DIV/0!
DL,7.5,7.5,#DIV/0!,0.57,#DIV/0!,#DIV/0!,2850,#DIV/0!
DL,7,7,#DIV/0!,1.03,#DIV/0!,#DIV/0!,#DIV/0!,#DIV/0!
DL,7.2,7.2,#DIV/0!,0.36,#DIV/0!,#DIV/0!,397,#DIV/0!
DL,7.3,7.3,#DIV/0!,1.5,#DIV/0!,#DIV/0!,367,#DIV/0!
DL,7.4,7.4,#DIV/0!,0.3,#DIV/0!,#DIV/0!,500,#DIV/0!
DL,6.3,6.3,#DIV/0!,0.68,#DIV/0!,#DIV/0!,337,#DIV/0!
DL,7.3,7.3,#DIV/0!,0.99,#DIV/0!,#DIV/0!,1930,#DIV/0!
DL,7.4,7.4,#DIV/0!,0.53,#DIV/0!,#DIV/0!,896,#DIV/0!
DL,6.9,6.9,#DIV/0!,0.49,#DIV/0!,#DIV/0!,689,#DIV/0!
DL,7.1,7.1,#DIV/0!,0.87,#DIV/0!,#DIV/0!,2870,#DIV/0!
DL,7.2,7.2,#DIV/0!,0.36,#DIV/0!,#DIV/0!,642,#DIV/0!
DL,7,7,#DIV/0!,0.3,#DIV/0!,#DIV/0!,540,#DIV/0!
DL,7.1,7.1,#DIV/0!,0.98,#DIV/0!,#DIV/0!,361,#DIV/0!
DL,7.7,7.7,#DIV/0!,0.41,#DIV/0!,#DIV/0!,311,#DIV/0!
DL,7.2,7.2,#DIV/0!,0.3,#DIV/0!,#DIV/0!,409,#DIV/0!
DL,6.8,6.8,#DIV/0!,0.3,#DIV/0!,#DIV/0!,730,#DIV/0!
GA,7.1,81.03333333,1.8,0.5,2,2,77,0.2
GA,7.9,69.96666667,1.9,0.5,2,2,64,0.2
GA,5,62.33333333,1.2,0.3,2,2,54,0.2
GA,5.6,83.2,4.2,0.3,2,2,77,0.2
GA,6.9,211.6333333,1.7,0.3,2,5,163,0.4
GA,7.1,174.3666667,2,0.3,2,2,144,0.4
GA,6.3,254.1,1,2.5,2,2,234,0.2
GJ,7.7,1788.566667,1,0.39,2,2,1378,0.45
GJ,8.4,2144.466667,1.65,0.3,2,2,1956,0.5
GJ,8.3,796.4333333,1,0.3,2,2,758,0.5
GJ,8.7,815.2333333,1,1.035,2,2,785,0.65
GJ,7.2,806.4,1.4,1.1,#DIV/0!,#DIV/0!,1032,0.2
GJ,8.6,1878.2,1,0.3,2,2,1825,0.9
GJ,8.2,1552.066667,1,1.5,2,2,1390,1
GJ,8.3,614.1,1,0.325,2,2,595,0.9
GJ,8.3,1581.433333,1.8,0.35,2,2,1441,0.4
GJ,8.5,889.8333333,1.55,0.55,2,2,809,0.3
GJ,7.9,1989.3,1,0.6,2,2,1696,0.95
GJ,7.8,5492.933333,2,0.45,2,2,5015,0.6
GJ,7.1,1445.033333,1,0.5,2,2,1276,0.7
GJ,8.5,3691.166667,1,0.45,2,2,3191,0.75
GJ,8.2,3837.066667,1,0.3,2,2,3241,0.45
GJ,7.4,970.1333333,1.4,1.29,2,2,1210,0.25
GJ,7.9,2548.966667,1.85,0.5,2,2,2325,0.5
GJ,8.3,1330.1,1.5,0.35,2,2,1212,0.35
GJ,8,1450.666667,1,0.555,2,2,1097,0.4
GJ,8.1,1397.033333,1,0.3,2,2,1229,0.75
GJ,8.5,1526.833333,1,0.32,2,2,1108,0.75
GJ,8.3,1474.766667,1,0.345,2,2,1259,0.65
GJ,#DIV/0!,#DIV/0!,#DIV/0!,#DIV/0!,#DIV/0!,#DIV/0!,#DIV/0!,#DIV/0!
GJ,8.2,2434.733333,1,0.75,2,2,2142,1.35
GJ,7.3,2247.766667,1.45,0.3,2,2,2061,0.4
GJ,8.2,1857.066667,1.15,0.34,2,2,1444,0.8
GJ,8.5,1610.833333,1,0.605,2,2,1272,0.9
GJ,8.5,6814.833333,2.1,1.21,2,2,7100,1.5
GJ,7.4,1019.8,1.4,1.3,#DIV/0!,#DIV/0!,1088,0.3
GJ,7.7,606.2333333,1,0.35,2,2,496,0.2
GJ,7.7,1396.566667,1,0.3,2,2,1140,0.8
GJ,8.1,3415.7,1,0.3,2,2,3325,0.9
GJ,7.6,2243.866667,1.05,0.315,2,2,1873,0.25
GJ,8.4,1417.8,1.85,0.4,2,2,1292,0.45
GJ,7.8,1310.6,1,0.4,2,2,1125,0.6
GJ,7.8,2118.933333,1.25,1.34,2,2,2429,0.5
GJ,7.4,3485.8,1,0.3,2,2,3008,0.8
GJ,8.1,2089.7,1,0.435,2,2,2081,0.85
GJ,8,1821,1,1.16,2,2,1608,0.85
GJ,8.2,1689.4,2.8,0.3,2,2,1538,0.6
GJ,8.1,2611.7,1,0.5,2,2,2172,0.65
GJ,7.9,1317.633333,1,1.105,2,2,1156,0.8
GJ,7.9,2188.3,1.1,0.3,2,2,1416,0.2
GJ,7.4,4237.466667,1,0.3,2,2,3534,0.2
GJ,7.9,1682.966667,1.05,0.315,2,2,1400,0.2
GJ,7.6,493.2,1,0.3,2,2,469,0.3
GJ,8.4,1674.8,1,0.555,2,2,1264,0.55
GJ,7.9,651.9666667,1,0.88,2,2,493,0.95
GJ,8.3,1204.1,1,0.455,2,2,1159,1.2
GJ,8.5,1835.833333,1,0.45,2,2,1466,1.35
GJ,7.7,2042.566667,1.55,0.305,2,2,2365,0.65
GJ,8.3,853.1,1,0.55,2,2,680,1.15
GJ,8.4,806.1333333,1,0.915,2,2,765,0.85
GJ,7.8,695.6,1,0.61,2,2,585,0.5
GJ,7.1,1082.7,1,0.305,2,2,803,0.25
GJ,7.4,683.4666667,1.3,1.145,2,2,754,0.2
GJ,8.1,2180.7,1,0.565,2,2,1533,0.6
GJ,8.4,1094.466667,1,1.28,2,2,1272,1.05
GJ,7.6,881.8666667,1,1.5,2,2,929,0.85
GJ,7.3,526.4333333,1.5,1.1,2,2,620,0.2
GJ,7.9,1131.633333,1,1.35,2,2,934,0.95
GJ,7.6,2055.2,1.4,1.2,#DIV/0!,#DIV/0!,2501,0.2
GJ,7.5,415.1666667,1,0.35,2,2,345,0.25
GJ,8.4,871.8,1.55,0.4,2,2,758,0.6
GJ,7.9,1900.966667,2.25,0.6,2,2,1735,0.6
GJ,8,1224,1,0.38,2,2,1012,1
GJ,7.7,663.5666667,1,0.34,2,2,553,0.35
GJ,8.3,3435.433333,2.4,0.74,2,2,3345,0.9
GJ,8,504,1,0.35,2,2,428,0.25
GJ,8.2,1182.733333,1,0.305,2,2,855,0.6
GJ,8.5,1018.166667,1,0.3,2,2,770,0.75
GJ,8.5,1805.5,1,0.4,2,2,1648,0.4
GJ,7.3,4500.433333,1,0.3,2,2,4276,0.4
GJ,8.5,916.1666667,1,0.3,2,2,868,0.95
GJ,7.8,9302.6,1.95,0.45,2,2,8495,0.4
GJ,8.1,1113.7,1.5,0.5,2,2,1014,0.2
GJ,8.1,635.0333333,1,0.62,2,2,560,0.9
GJ,8,778,1,0.69,2,2,661,0.75
HR,7.4,1715.8,3.4,2.95,3200,4215,1412,2.1
HR,8.3,651.4333333,1.4,0.3,#DIV/0!,20,530,2
HR,7.4,1062.466667,#DIV/0!,#DIV/0!,160,2100,748,#DIV/0!
HR,7.3,600.4333333,1,#DIV/0!,2,2,495,0.2
HR,7.8,373.9333333,2.75,1,490,3500,349,0.3
HR,8.2,646.0666667,1,#DIV/0!,#DIV/0!,#DIV/0!,580,#DIV/0!
HR,8.1,966.0333333,1,#DIV/0!,#DIV/0!,#DIV/0!,868,#DIV/0!
HR,8.5,773.5,1.5,0.3,#DIV/0!,30,328,0.7
HR,8.3,1194.766667,1,0.3,#DIV/0!,20,978,#DIV/0!
HR,7.2,3009.066667,1,0.3,#DIV/0!,#DIV/0!,2480,0.7
HR,7.7,3829.233333,1,0.3,#DIV/0!,#DIV/0!,3160,1.2
HR,7.5,2445.833333,1,0.3,#DIV/0!,#DIV/0!,2020,0.75
HR,8.3,776.1,1,0.3,#DIV/0!,10,630,0.7
HR,8.1,1106.033333,1.2,0.3,#DIV/0!,20,904,0.7
HR,8.3,863.4333333,1.4,0.3,#DIV/0!,20,710,0.7
HR,7.7,1712.566667,1,#DIV/0!,2,2,1410,0.4
HR,7.8,633.9333333,#DIV/0!,#DIV/0!,#DIV/0!,#DIV/0!,548.5,#DIV/0!
HR,8,799.3333333,#DIV/0!,#DIV/0!,#DIV/0!,#DIV/0!,724,#DIV/0!
HP,7.5,265.8333333,1,0.415,2,33,257,0.2
HP,8.1,377.0333333,1,#DIV/0!,2,2,298,0.2
HP,8.1,396.7,1,#DIV/0!,2,2,324,#DIV/0!
HP,8.1,378.7,1,#DIV/0!,2,2,312.5,0.2
HP,7.3,358.4333333,1,0.3,#DIV/0!,#DIV/0!,354.5,0.2
HP,7.4,221.4666667,1,0.445,#DIV/0!,#DIV/0!,225,0.2
HP,7.7,444.9,1,1.285,2,2,405,0.45
HP,7.3,432.1,1,0.375,2,33,437.5,0.2
HP,8.2,656.7333333,1,#DIV/0!,2,2,512,#DIV/0!
HP,7.9,442.6333333,1,#DIV/0!,2,2,342,#DIV/0!
HP,7.9,284.3,1,0.455,2,2,257,0.2
HP,7.9,337.3,1,#DIV/0!,2,2,304.5,0.2
HP,7.8,4382.266667,47.9,3.8,1600,1600,393,0.6
HP,8.4,379.8,1,#DIV/0!,2,2,235,0.2
HP,7.6,397.5333333,1,0.385,2,25,398,0.2
HP,7.5,311.1666667,1,0.32,2,31,326,0.2
HP,7.6,458.8666667,1,2.505,2,2,464,0.2
HP,7.4,386.1333333,1,0.3,#DIV/0!,#DIV/0!,365.5,0.2
HP,8,126.3333333,1,0.385,#DIV/0!,#DIV/0!,121.5,0.2
HP,7.4,243.8,1,0.34,2,31,226,0.2
HP,7.8,345.6,1,0.3,#DIV/0!,#DIV/0!,339,0.2
HP,7.2,393.4,1,0.3,2,2,385.5,0.2
HP,6.9,388.9666667,1,2.2,2,2,354,0.8
HP,7.7,205.9,1,0.3,2,2,216,0.5
HP,8,285.3333333,1,0.5,2,2,282.5,0.2
HP,7.7,324.9,1,0.3,2,17,316,0.2
HP,7.3,464.4333333,1,1.2,2,2,427,0.7
HP,7.8,1596.6,1,1,#DIV/0!,#DIV/0!,120,0.3
HP,7.9,211.3,1,0.645,#DIV/0!,#DIV/0!,205,0.2
HP,7.3,230.4333333,1,0.52,2,2,232,0.2
HP,7.7,342.9,1,0.3,2,26,342,0.2
HP,7.1,248.3666667,1,0.32,#DIV/0!,#DIV/0!,244.5,0.2
HP,7.6,163.8666667,1,1.3,35.5,150,161,0.2
HP,7.4,247.4666667,1,0.405,2,24.5,246.5,0.2
HP,7,127.6666667,1,0.3,2,26,123.5,0.2
HP,6.9,126.3,1,0.3,2,26,125,0.2
HP,8.1,769.3666667,1,#DIV/0!,2,2,544,#DIV/0!
HP,8,389,1,1.275,2,2,353.5,0.5
HP,7.9,414.3,1,0.98,2,2,372,0.55
HP,9.1,469.0333333,1,#DIV/0!,2,2,401,0.2
HP,7.9,298.3,1,0.3,2,32,300,0.2
JK,8,229.3333333,1.2,#DIV/0!,#DIV/0!,#DIV/0!,200,#DIV/0!
JK,7.4,242.4666667,#DIV/0!,#DIV/0!,#DIV/0!,#DIV/0!,210,#DIV/0!
JK,7.7,234.5666667,#DIV/0!,#DIV/0!,#DIV/0!,#DIV/0!,204,#DIV/0!
JK,7.6,225.2,#DIV/0!,#DIV/0!,#DIV/0!,#DIV/0!,196,#DIV/0!
JK,7.3,333.1,#DIV/0!,#DIV/0!,#DIV/0!,#DIV/0!,292,#DIV/0!
JK,7.9,282.6333333,#DIV/0!,#DIV/0!,#DIV/0!,#DIV/0!,248,#DIV/0!
JK,6.9,402.3,#DIV/0!,#DIV/0!,#DIV/0!,#DIV/0!,35,#DIV/0!
JK,7.5,229.1666667,3.3,#DIV/0!,#DIV/0!,#DIV/0!,200,#DIV/0!
JK,8.3,376.1,1.7,#DIV/0!,#DIV/0!,#DIV/0!,326,#DIV/0!
JK,7.3,319.1,#DIV/0!,#DIV/0!,#DIV/0!,#DIV/0!,280,#DIV/0!
JH,8.2,169.4,1.6,#DIV/0!,#DIV/0!,#DIV/0!,220,#DIV/0!
JH,7.6,186.5333333,2.4,#DIV/0!,#DIV/0!,#DIV/0!,280,#DIV/0!
KN,7.3,108.1,3,5.77,466,940,134,0.15
KN,7.8,134.6,2.2,0.35,720,2042,117,0.2
KR,6.4,122.8,2.1,0.3,190,785,100,0.25
KR,6,47.66666667,1,0.3,59.5,325,43.5,0.2
KR,7.8,159.6,2.5,0.3,51,156,145,0.2
KR,6.4,83.46666667,1,1.53,43,80,70,0.2
KR,6.4,219.1333333,3.6,0.35,460,950,175,0.25
KR,6.4,123.8,1,0.45,355,775,106,0.2
KR,5.4,82.13333333,2.5,0.3,172.5,1629,67.5,0.25
KR,7.8,142.9333333,1.4,0.35,40,92,153.5,0.2
KR,5.8,218.2666667,3.3,0.3,5,210,177.5,0.25
KR,5.6,70.53333333,1.1,0.3,62,405,62,0.2
KR,5.5,46.83333333,1,0.3,20.5,71,46,0.2
KR,5.7,49.56666667,1,0.6,295,600,44.5,0.2
KR,7.6,517.5333333,1.1,1.145,280,600,477,0.4
KR,6.9,117.9666667,1.25,0.35,20,81,112.5,0.2
KR,7.1,122.3666667,1.35,0.35,35,105,117,0.2
KR,5.9,165.9666667,1.2,0.55,2,2,148,0.6
KR,7.1,246.7,1.35,0.55,74.5,145,212,0.6
KR,7.6,161.2,1.15,0.555,32.5,77,140,0.35
KR,6.7,63.9,1,0.45,855,1045,52.5,0.2
KR,7.2,159.4,4.65,0.3,255,720,138,0.2
KR,5.9,141.9666667,1.65,0.55,490,920,125,0.25
KR,6.6,109.2,2.05,0.3,100,355,94.5,0.2
KR,7,111.3333333,1,0.3,34.5,245,100,0.2
KR,6.4,186.1333333,1,0.3,32.5,235,159,0.25
KR,6.6,100.8666667,1.05,0.4,20.5,87,102.5,0.2
KR,5.6,153.2,1.2,0.3,200,840,143.5,0.2
KR,5.5,171.1666667,1.05,0.3,30,195,148,0.2
KR,8,125.3333333,2.6,0.3,201,400,111,0.65
KR,6.7,85.23333333,1,0.95,500,945,76,0.2
KR,6.1,166.7,1,0.3,550,1125,149,0.2
KR,6.3,68.43333333,1,2.595,80,190,59,0.2
KR,7,335.3333333,3.05,0.415,290,995,272.5,0.3
KR,7.1,308.0333333,1,0.3,40,250,288,0.25
LW,7.3,478.4333333,#DIV/0!,#DIV/0!,#DIV/0!,#DIV/0!,478,#DIV/0!
LW,7.1,587.0333333,#DIV/0!,#DIV/0!,#DIV/0!,#DIV/0!,588,#DIV/0!
LW,7,651.6666667,#DIV/0!,#DIV/0!,#DIV/0!,#DIV/0!,633.5,#DIV/0!
LW,7,922,#DIV/0!,#DIV/0!,#DIV/0!,#DIV/0!,897,#DIV/0!
LW,7.2,627.0666667,#DIV/0!,#DIV/0!,#DIV/0!,#DIV/0!,628,#DIV/0!
LW,7.6,906.5333333,#DIV/0!,#DIV/0!,#DIV/0!,#DIV/0!,881.5,#DIV/0!
LW,7.5,523.1666667,#DIV/0!,#DIV/0!,#DIV/0!,#DIV/0!,523.5,#DIV/0!
LW,7.3,733.7666667,#DIV/0!,#DIV/0!,#DIV/0!,#DIV/0!,735,#DIV/0!
LW,7.2,452.4,#DIV/0!,#DIV/0!,#DIV/0!,#DIV/0!,439,#DIV/0!
LW,7.2,576.4,#DIV/0!,#DIV/0!,#DIV/0!,#DIV/0!,577,#DIV/0!
LW,7.4,537.1333333,#DIV/0!,#DIV/0!,#DIV/0!,#DIV/0!,537,#DIV/0!
LW,7.4,728.4666667,#DIV/0!,#DIV/0!,#DIV/0!,#DIV/0!,708,#DIV/0!
LW,7.2,479.0666667,#DIV/0!,#DIV/0!,#DIV/0!,#DIV/0!,479,#DIV/0!
LW,7.7,753.5666667,#DIV/0!,#DIV/0!,#DIV/0!,#DIV/0!,754.5,#DIV/0!
LW,6.6,575.5333333,#DIV/0!,#DIV/0!,#DIV/0!,#DIV/0!,559,#DIV/0!
LW,7.7,1078.233333,#DIV/0!,#DIV/0!,#DIV/0!,#DIV/0!,1049,#DIV/0!
LW,7.1,408.7,#DIV/0!,#DIV/0!,#DIV/0!,#DIV/0!,396.5,#DIV/0!
LW,7.4,1732.466667,#DIV/0!,#DIV/0!,#DIV/0!,#DIV/0!,685,#DIV/0!
LW,6.7,575.5666667,#DIV/0!,#DIV/0!,#DIV/0!,#DIV/0!,559.5,#DIV/0!
LW,7.5,698.1666667,#DIV/0!,#DIV/0!,#DIV/0!,#DIV/0!,678,#DIV/0!
LW,7.4,1012.133333,#DIV/0!,#DIV/0!,#DIV/0!,#DIV/0!,894.5,#DIV/0!
LW,7.7,694.2333333,#DIV/0!,#DIV/0!,#DIV/0!,#DIV/0!,674.5,#DIV/0!
LW,7.2,416.4,#DIV/0!,#DIV/0!,#DIV/0!,#DIV/0!,416,#DIV/0!
LW,7.3,322.4333333,#DIV/0!,#DIV/0!,#DIV/0!,#DIV/0!,322,#DIV/0!
LW,7.1,3482.366667,#DIV/0!,#DIV/0!,#DIV/0!,#DIV/0!,3393,#DIV/0!
LW,6.9,1762.633333,#DIV/0!,0.3,2,2,1750.5,#DIV/0!
LW,7.5,581.1666667,#DIV/0!,#DIV/0!,#DIV/0!,#DIV/0!,581.5,#DIV/0!
LD,7,636,#DIV/0!,#DIV/0!,#DIV/0!,#DIV/0!,618,#DIV/0!
LD,7.5,1319.166667,#DIV/0!,#DIV/0!,#DIV/0!,#DIV/0!,1284,#DIV/0!
LD,7.2,406.4,#DIV/0!,#DIV/0!,#DIV/0!,#DIV/0!,206,#DIV/0!
LD,7.3,377.7666667,#DIV/0!,#DIV/0!,#DIV/0!,#DIV/0!,377,#DIV/0!
LD,7.4,251.1333333,#DIV/0!,#DIV/0!,#DIV/0!,#DIV/0!,250,#DIV/0!
LD,7.4,759.8,#DIV/0!,#DIV/0!,#DIV/0!,#DIV/0!,759.5,#DIV/0!
LD,7.2,1278.066667,#DIV/0!,#DIV/0!,#DIV/0!,#DIV/0!,1243.5,#DIV/0!
LD,7.8,1246.266667,#DIV/0!,#DIV/0!,#DIV/0!,#DIV/0!,1249.5,#DIV/0!
LD,7.1,662.3666667,#DIV/0!,#DIV/0!,#DIV/0!,#DIV/0!,#DIV/0!,#DIV/0!
LD,7.2,586.4,#DIV/0!,#DIV/0!,#DIV/0!,#DIV/0!,240,#DIV/0!
LD,8,814.3333333,#DIV/0!,#DIV/0!,#DIV/0!,#DIV/0!,816,#DIV/0!
LD,7.2,625.7333333,#DIV/0!,#DIV/0!,#DIV/0!,#DIV/0!,626,#DIV/0!
LD,7.2,444.4,#DIV/0!,#DIV/0!,#DIV/0!,#DIV/0!,444,#DIV/0!
LD,6.9,749.9666667,#DIV/0!,#DIV/0!,#DIV/0!,#DIV/0!,729,#DIV/0!
LD,7.5,450.1666667,#DIV/0!,#DIV/0!,#DIV/0!,#DIV/0!,450,#DIV/0!
MP,7.8,381.6,1,1.28,2,3,425,0.7
MP,7.3,334.4333333,1,0.4,2,10,476,0.2
MP,7.5,353.1666667,#DIV/0!,2.4,#DIV/0!,#DIV/0!,377,#DIV/0!
MP,7.4,281.1333333,1,0.3,2,14,308,0.2
MP,7.4,413.4666667,1,0.35,2,17,572,0.2
MP,7.4,294.4666667,1,0.6,2,13,365,0.2
MP,7.3,265.4333333,1,0.45,2,15,294,0.2
MP,7.5,351.5,#DIV/0!,3.05,#DIV/0!,#DIV/0!,424,#DIV/0!
MP,#DIV/0!,#DIV/0!,#DIV/0!,#DIV/0!,#DIV/0!,#DIV/0!,#DIV/0!,#DIV/0!
MP,7.3,277.7666667,#DIV/0!,3.9,#DIV/0!,#DIV/0!,385,#DIV/0!
MP,7.5,360.1666667,#DIV/0!,2.2,#DIV/0!,#DIV/0!,398,#DIV/0!
MP,7.6,301.2,#DIV/0!,4.1,#DIV/0!,#DIV/0!,330,#DIV/0!
MP,7.5,192.5,#DIV/0!,2.05,#DIV/0!,#DIV/0!,233,#DIV/0!
MP,7.5,353.1666667,#DIV/0!,2.4,#DIV/0!,#DIV/0!,367,#DIV/0!
MP,7.5,1002.5,#DIV/0!,1.8,2,11,960,#DIV/0!
MP,7.9,1085.966667,#DIV/0!,0.8,2,12,998,#DIV/0!
MP,7.6,288.5333333,#DIV/0!,3.3,#DIV/0!,#DIV/0!,297.5,#DIV/0!
MP,8.4,500.8,1,0.3,2,4,628.5,0.2
MP,7.4,282.4666667,1,0.3,2,14,368,0.2
MP,7.2,920.0666667,1,5.95,66,220,1035,0.3
MP,8.1,484.7,1.3,1.3,3,15,450,0.2
MP,7.6,1504.533333,1,20.51,2,23.5,411,0.2
MP,7.9,562.9666667,5.25,3.025,2,280,548,0.45
MP,7.1,751.7,1.25,7.68,2,22,822,0.25
MP,7.4,787.8,2.8,15.09,2,24,765,#DIV/0!
MP,7.9,259.9666667,#DIV/0!,0.3,2,14,248,#DIV/0!
MP,7.8,531.9333333,1.5,6.755,46,210,574,0.2
MP,7.2,691.0666667,1.3,12.04,#DIV/0!,#DIV/0!,605,0.2
MP,7.5,363.5,2.5,8.53,58,350,380,0.2
MP,8.1,1863.7,1,2.445,2,3,386,0.7
MP,7.4,1570.466667,1,2.97,2,4,1459,0.7
MP,7.8,599.9333333,1,3.09,2,4,546.5,0.85
MP,7.7,507.5666667,1.5,1.3,3,15,458.5,0.2
MP,7.2,934.7333333,1.1,3.4,2,8,1337,#DIV/0!
MP,7.1,672.7,1,3.5,2,6,789.5,#DIV/0!
MP,7.5,247.8333333,1,0.5,2,17,381.5,0.2
MP,7.6,190.5333333,1,0.4,2,13,341.5,0.2
MP,8.1,464.0333333,1,1.3,3,14.5,482.5,0.2
MP,7.8,1720.6,1.8,4.94,#DIV/0!,#DIV/0!,1908,#DIV/0!
MP,7.5,964.8333333,1,3.32,2,6.5,835,0.9
MP,8.1,362.7,1,0.74,2,2,391.5,#DIV/0!
MP,8.1,369.0333333,1,0.76,2,2,411.5,#DIV/0!
MP,7.4,3563.133333,1.2,10.9,#DIV/0!,#DIV/0!,4266,#DIV/0!
MP,7.3,1243.1,1.2,8.2,#DIV/0!,#DIV/0!,1302,#DIV/0!
MP,7.9,1816.633333,1.5,5.41,2,22,1973,0.2
MP,7.8,546.9333333,1.05,9.925,48,230,609,0.2
MP,7.7,343.5666667,1,0.8,2,11,458,0.2
MP,7.5,287.8333333,1,0.45,2,14,397,0.2
MP,7.5,1130.833333,1.5,4.705,#DIV/0!,#DIV/0!,1335,#DIV/0!
MP,7.9,409.3,2.1,0.62,2,29,371,#DIV/0!
MP,7.5,2121.833333,1.2,6.15,#DIV/0!,#DIV/0!,2230,#DIV/0!
MP,7.6,1563.866667,1,4.53,2,7,1438,0.75
MP,7.8,1846.933333,1.8,2.98,2,9,1728,0.9
MP,7.7,865.5666667,1,2.255,2,4,859.5,0.7
MP,7.8,1039.266667,1,3.17,2,6,933,0.8
MH,8,585.6666667,4.2,0.47,8,140,797.5,0.25
MH,7.3,1086.1,5.2,7.695,6,58,1254.5,0.2
MH,7.9,2361.633333,4.8,9.9,40,412.5,3275,0.2
MH,7.5,588.8333333,3.5,6.53,6,63,698,0.2
MH,7.3,932.4333333,3.2,1.75,#DIV/0!,#DIV/0!,1024,1
MH,7.1,668.3666667,3,6.5,22,100,782,0.2
MH,8,523.6666667,1.9,5.17,#DIV/0!,#DIV/0!,554,0.25
MH,8,946.3333333,2.3,2.965,#DIV/0!,#DIV/0!,970,0.35
MH,#DIV/0!,#DIV/0!,#DIV/0!,#DIV/0!,#DIV/0!,#DIV/0!,#DIV/0!,#DIV/0!
MH,7.9,1944.633333,4.8,9.98,77.5,625,2411,0.2
MH,7.8,1827.6,2.5,2.875,#DIV/0!,#DIV/0!,1989,0.65
MH,7.8,907.9333333,4.4,9.605,23.5,235,1169,0.2
MH,8,501.3333333,4,0.3,17,120,599,0.2
MH,8.2,611.4,3,#DIV/0!,14,140,738,#DIV/0!
MH,7.6,595.2,3.6,7.15,4,49,666.5,0.2
MH,7.9,1279.3,2.6,0.3,#DIV/0!,#DIV/0!,1412,0.7
MH,7.4,699.8,2.6,4.86,4,11,714,0.2
MH,8.7,543.5666667,4.1,0.65,9.5,106,712,0.3
MH,8,497,3.15,1.45,6.5,71,617,0.25
MH,7.6,60.53333333,1.8,0.4,4,12.5,68.5,0.35
MH,7.2,229.4,1.7,0.55,5,16,241,0.3
MH,#DIV/0!,#DIV/0!,#DIV/0!,#DIV/0!,#DIV/0!,#DIV/0!,#DIV/0!,#DIV/0!
MH,7.5,324.8333333,2.3,0.4,5,15,337.5,0.3
MH,7.2,191.0666667,1.7,1.385,4.5,15,198,0.25
MH,7.3,1009.1,4.2,7,22,120,1189,0.2
MH,7.8,2555.933333,6.8,10.855,27.5,587.5,3458,0.25
MH,8.1,521.7,5.1,5.48,15.5,492.5,666,0.2
MH,7.7,3483.9,3.7,1.845,9,53,681.5,0.5
MH,8,712,3.1,1.75,11.5,76,884.5,0.25
MH,7.9,1232.966667,3.8,1.1,21.5,171.5,1657.5,1.15
MH,8.2,1031.4,2.1,2.585,#DIV/0!,#DIV/0!,1060,0.3
MH,8.1,486.0333333,4.75,1.55,3,36,595.5,1.15
MH,8,478.6666667,3.8,0.3,12,94,571,0.2
MH,8.1,892.0333333,2,2.715,#DIV/0!,#DIV/0!,869,0.3
MH,8,68.66666667,3.5,0.37,14,66.5,89,0.2
MH,7.7,369.2333333,5.4,4.625,13,490,466,0.2
MH,6.9,648.9666667,5,2.7,26,150,761,0.2
MH,8,1060.666667,1.8,5.27,#DIV/0!,#DIV/0!,1062,0.4
MH,7.3,1165.766667,3.4,3.75,#DIV/0!,#DIV/0!,1238,1.1
MH,8,553.3333333,3.6,0.3,20,220,668,0.2
MH,6.2,2967.4,1.8,13.59,6,24,3036,0.2
MH,7.1,2911.033333,1.8,13.59,6,17,3872,0.2
MH,8.3,466.1,4.2,0.82,11.5,86,602.5,0.3
MH,8.6,461.2,4.5,1.2,8,86,565.5,0.4
MN,6.8,496.9333333,#DIV/0!,#DIV/0!,#DIV/0!,#DIV/0!,405,#DIV/0!
MN,6.8,82.93333333,#DIV/0!,#DIV/0!,#DIV/0!,#DIV/0!,120,#DIV/0!
MN,6.9,408.3,#DIV/0!,#DIV/0!,#DIV/0!,#DIV/0!,291,#DIV/0!
MN,6.4,472.1333333,#DIV/0!,#DIV/0!,#DIV/0!,#DIV/0!,406,#DIV/0!
MN,6.9,330.9666667,#DIV/0!,#DIV/0!,#DIV/0!,#DIV/0!,250,#DIV/0!
MN,6.8,450.2666667,#DIV/0!,#DIV/0!,#DIV/0!,#DIV/0!,374,#DIV/0!
MN,7.2,390.4,#DIV/0!,#DIV/0!,#DIV/0!,#DIV/0!,345,#DIV/0!
ML,6.8,131.6,1.45,0.565,2,2,133.5,0.2
ML,5.5,89.16666667,1.55,0.325,2,2,90,0.2
ML,5.9,60.3,1.05,0.55,2,2,60.5,0.2
ML,7.1,63.7,1.45,9,2,19,68.5,0.2
ML,5.9,42.63333333,1.4,0.3,2,5.5,42,0.2
ML,6.7,99.9,1.65,4.45,12,112,101.5,0.2
ML,6.6,107.8666667,1.9,0.59,2,556,111,0.2
ML,9.3,212.1,1.3,0.735,2,2,214.5,0.2
ML,6.5,183.5,1.6,10.85,2,2,188,0.2
ML,6.8,37.6,1.4,0.3,2,7.5,36,0.2
ML,6.6,163.5333333,1.35,6.55,3,35,167,0.2
ML,5.7,95.9,1.2,6.25,2,2,97,0.2
ML,5.7,75.23333333,1.4,4.2,2,2,75.5,0.2
MZ,6.9,293.3,1,#DIV/0!,#DIV/0!,#DIV/0!,#DIV/0!,#DIV/0!
MZ,6,290,#DIV/0!,#DIV/0!,#DIV/0!,#DIV/0!,#DIV/0!,#DIV/0!
MZ,6.9,113.9666667,#DIV/0!,#DIV/0!,#DIV/0!,#DIV/0!,#DIV/0!,#DIV/0!
MZ,7.2,153.0666667,#DIV/0!,#DIV/0!,#DIV/0!,#DIV/0!,#DIV/0!,#DIV/0!
MZ,6.8,233.6,1,#DIV/0!,2,2,#DIV/0!,#DIV/0!
MZ,7.2,103.7333333,1.7,#DIV/0!,#DIV/0!,#DIV/0!,#DIV/0!,#DIV/0!
MZ,7.8,384.2666667,#DIV/0!,#DIV/0!,#DIV/0!,#DIV/0!,#DIV/0!,#DIV/0!
MZ,7.9,182.6333333,#DIV/0!,#DIV/0!,#DIV/0!,#DIV/0!,#DIV/0!,#DIV/0!
MZ,6.3,193.4333333,#DIV/0!,#DIV/0!,#DIV/0!,#DIV/0!,#DIV/0!,#DIV/0!
MZ,6.6,166.5333333,1.2,#DIV/0!,#DIV/0!,#DIV/0!,#DIV/0!,#DIV/0!
MZ,7.1,225.7,1.15,#DIV/0!,#DIV/0!,#DIV/0!,#DIV/0!,#DIV/0!
MZ,7.1,311.7,1,#DIV/0!,#DIV/0!,#DIV/0!,#DIV/0!,#DIV/0!
MZ,7.2,133.7333333,1.15,#DIV/0!,#DIV/0!,#DIV/0!,#DIV/0!,#DIV/0!
MZ,7.8,156.6,1,#DIV/0!,#DIV/0!,#DIV/0!,#DIV/0!,#DIV/0!
MZ,7.1,71.7,#DIV/0!,#DIV/0!,#DIV/0!,#DIV/0!,#DIV/0!,#DIV/0!
MZ,6.9,314.6333333,1.25,#DIV/0!,#DIV/0!,#DIV/0!,#DIV/0!,#DIV/0!
MZ,6.8,318.6,1.4,#DIV/0!,#DIV/0!,#DIV/0!,#DIV/0!,#DIV/0!
MZ,7.1,172.0333333,#DIV/0!,#DIV/0!,#DIV/0!,#DIV/0!,#DIV/0!,#DIV/0!
MZ,7.3,66.76666667,#DIV/0!,#DIV/0!,#DIV/0!,#DIV/0!,#DIV/0!,#DIV/0!
MZ,7.4,70.46666667,#DIV/0!,#DIV/0!,#DIV/0!,#DIV/0!,#DIV/0!,#DIV/0!
MZ,6.4,372.1333333,#DIV/0!,#DIV/0!,#DIV/0!,#DIV/0!,#DIV/0!,#DIV/0!
MZ,7.5,243.8333333,1.55,#DIV/0!,#DIV/0!,#DIV/0!,#DIV/0!,#DIV/0!
MZ,7.6,95.2,#DIV/0!,#DIV/0!,#DIV/0!,#DIV/0!,#DIV/0!,#DIV/0!
MZ,7.3,199.7666667,#DIV/0!,#DIV/0!,#DIV/0!,#DIV/0!,#DIV/0!,#DIV/0!
MZ,7,197.3333333,#DIV/0!,#DIV/0!,#DIV/0!,#DIV/0!,#DIV/0!,#DIV/0!
NL,7.5,166.1666667,#DIV/0!,0.8,#DIV/0!,#DIV/0!,125.5,0.2
NL,6.5,162.1666667,#DIV/0!,0.95,#DIV/0!,#DIV/0!,133.5,0.2
NL,6.6,487.8666667,#DIV/0!,1.6,#DIV/0!,#DIV/0!,121,0.2
NL,7.1,157.7,#DIV/0!,1.45,#DIV/0!,#DIV/0!,158,0.2
NL,7.8,270.2666667,#DIV/0!,1.8,#DIV/0!,#DIV/0!,184,0.2
NL,5.2,119.0666667,#DIV/0!,2.6,#DIV/0!,#DIV/0!,84,0.2
NL,6.5,168.5,#DIV/0!,1.75,#DIV/0!,#DIV/0!,129,0.2
NL,7,554.3333333,#DIV/0!,15,#DIV/0!,#DIV/0!,410,0.2
NL,7.5,694.1666667,#DIV/0!,1.55,#DIV/0!,#DIV/0!,251.5,0.2
NL,6,138,#DIV/0!,1.8,#DIV/0!,#DIV/0!,113.5,0.2
OR,7.2,638.7333333,1,16.25,2,2,#DIV/0!,0.25
OR,7.4,317.8,1,0.5,2,2,#DIV/0!,0.2
OR,7,98,1,1.3,2,2,#DIV/0!,0.45
OR,6.9,255.9666667,1,0.7,2,2,#DIV/0!,0.3
OR,8.5,856.5,1,0.65,2,2,#DIV/0!,1.25
OR,6.5,68.83333333,1,1.05,2,2,#DIV/0!,0.2
OR,7.2,718.4,1,7.15,2,2,#DIV/0!,0.35
OR,6.6,184.5333333,1,5.8,2,2,#DIV/0!,0.65
OR,7.1,148.7,1,0.85,2,2,#DIV/0!,0.2
OR,7.1,102.0333333,1.05,0.75,2,2,#DIV/0!,0.5
OR,6.8,122.6,1.05,4.95,2,2,#DIV/0!,0.75
OR,8.3,123.1,1,2.2,2,2,#DIV/0!,0.75
OR,6.2,141.0666667,1,0.95,2,2,#DIV/0!,0.25
OR,6.8,263.2666667,1,1.65,246,1101,#DIV/0!,0.5
OR,7.5,242.1666667,1,0.45,2,2,#DIV/0!,0.55
OR,7.2,98.4,1,0.8,2,2,#DIV/0!,3.9
OR,6.8,167.6,1,2.4,6.5,17.5,#DIV/0!,0.2
OR,6.9,114.9666667,1,0.45,2,2,#DIV/0!,0.2
OR,7.1,303.3666667,1.25,0.8,2,2,#DIV/0!,0.3
OR,7.7,455.5666667,1.05,0.85,2,2,#DIV/0!,0.5
OR,7.2,214.4,1,0.7,2,2,#DIV/0!,0.6
OR,6.8,148.6,1,1.1,2,2,#DIV/0!,0.2
OR,7.1,491.3666667,1,0.9,2,2,#DIV/0!,0.45
OR,7.6,221.5333333,1,0.35,2,2,#DIV/0!,0.35
OR,8,521.3333333,1.05,0.35,2,2,#DIV/0!,0.5
OR,7.8,698.6,1.1,0.65,2,2,#DIV/0!,0.2
OR,6.5,70.16666667,1.15,0.4,2,2,#DIV/0!,0.4
OR,7,213,1.05,0.8,2,2,#DIV/0!,0.3
OR,7.4,539.1333333,1.1,1.3,2,2,#DIV/0!,0.7
OR,7.3,336.1,1,6.25,2,2,#DIV/0!,0.5
OR,7.4,308.1333333,1,1.15,2,2,#DIV/0!,0.3
OR,7.4,176.8,1,0.55,6.5,14.5,#DIV/0!,0.2
OR,6.7,373.5666667,1,1.4,2,2,#DIV/0!,0.25
OR,7.1,78.7,1,0.95,2,2,#DIV/0!,0.35
OR,7.3,168.7666667,1,0.95,2,2,#DIV/0!,0.25
OR,6.3,292.4333333,1,0.95,2,2,#DIV/0!,0.2
OR,7.3,186.4333333,1,2.3,2,2,#DIV/0!,0.25
OR,7.5,210.5,1,0.95,2,2,#DIV/0!,0.25
OR,7.1,191.7,1,1.2,2,2,#DIV/0!,0.3
OR,5.8,365.2666667,1.1,0.7,2,2,#DIV/0!,0.2
OR,7.3,110.1,1,0.7,2,2,#DIV/0!,5.5
OR,8.1,411.0333333,1,0.45,2,2,#DIV/0!,1
OR,6.7,251.2333333,1,0.6,2,2,#DIV/0!,0.2
OR,7.2,195.7333333,1,1.3,2,2,#DIV/0!,21.7
OR,6,147,1.35,0.85,2,2,#DIV/0!,0.2
OR,7.6,511.5333333,1,0.8,2,2,#DIV/0!,0.65
OR,7.7,714.2333333,1,1.25,2,2,#DIV/0!,0.55
OR,8.2,743.4,1,0.5,2,2,#DIV/0!,0.85
OR,7,362,1,0.9,2,2,#DIV/0!,0.25
OR,7.4,403.4666667,1,0.7,2,2,#DIV/0!,0.2
OR,7.7,395.9,1,1.25,2,2,#DIV/0!,0.55
OR,7.1,589.7,1,18.6,2,2,#DIV/0!,0.2
OR,7.5,419.8333333,1,1.5,2,2,#DIV/0!,0.5
OR,7.5,423.8333333,1,1,2,2,#DIV/0!,0.25
OR,7.4,591.4666667,1,2.45,2,2,#DIV/0!,0.55
OR,7.7,1021.566667,1,1.35,2,2,#DIV/0!,0.3
OR,7,1411.333333,1,1.15,2,2,#DIV/0!,0.3
OR,7.6,405.2,1,0.7,2,2,#DIV/0!,0.4
OR,7.6,804.5333333,1,1.3,2,2,#DIV/0!,0.2
OR,8.4,14157.13333,1,0.3,2,2,#DIV/0!,0.55
OR,7.9,500.9666667,1,0.85,2,2,#DIV/0!,0.9
OR,7.3,270.7666667,1,0.85,2,2,#DIV/0!,0.2
OR,7.5,325.8333333,1,1,2,2,#DIV/0!,0.3
OR,7.1,203.7,1,1.45,2,2,#DIV/0!,0.2
OR,7.2,390.4,1,8.7,2,2,#DIV/0!,0.25
OR,7.4,1295.8,1,16.5,2,3.5,#DIV/0!,0.35
OR,8,1058.666667,1,5.1,#DIV/0!,#DIV/0!,#DIV/0!,0.2
OR,7.3,476.7666667,1,21,2,2,#DIV/0!,0.85
OR,7.8,467.6,1.1,6.15,2,2,#DIV/0!,0.65
OR,7.4,326.4666667,1,1.15,2,2,#DIV/0!,0.8
OR,7.2,1377.733333,1,0.6,12.5,25.5,#DIV/0!,0.35
OR,7.6,1047.2,1.05,0.9,2,2,#DIV/0!,0.25
OR,7.5,410.1666667,1,1,2,2,#DIV/0!,0.65
OR,6.5,273.5,1.25,0.55,2,2,#DIV/0!,0.45
OR,6.8,152.2666667,1,0.7,2,2,#DIV/0!,0.55
OR,7,134.3333333,1,0.8,2,2,#DIV/0!,0.35
OR,5.7,66.56666667,1,0.95,2,2,#DIV/0!,0.2
OR,7.3,286.1,1,1.3,2,2,10,0.75
OR,7.3,165.4333333,1.1,1.3,2,2,#DIV/0!,0.25
OR,6,234.6666667,1,0.75,2,2,#DIV/0!,0.25
OR,7.3,516.7666667,1,1.4,2,2,#DIV/0!,0.25
OR,7.4,517.8,1,0.8,2,2,#DIV/0!,0.65
OR,7.2,189.4,1.1,0.95,2,2,#DIV/0!,0.2
OR,6.9,604.3,1,1,2,2,#DIV/0!,0.25
OR,7.1,217.3666667,1,0.55,2,2,#DIV/0!,0.4
OR,6.4,88.8,1,1.1,2,2,#DIV/0!,0.5
OR,7.2,199.0666667,1,1.25,2,2,#DIV/0!,0.25
OR,6.6,329.5333333,1,1.45,2,2,#DIV/0!,0.2
OR,6.9,862.6333333,1,0.85,2,2,#DIV/0!,0.2
PY,7.6,985.5333333,1,8.05,#DIV/0!,#DIV/0!,912.5,#DIV/0!
PY,6.9,392.9666667,1,0.3,#DIV/0!,#DIV/0!,411,#DIV/0!
PY,7.7,955.9,1,3.03,#DIV/0!,#DIV/0!,759,#DIV/0!
PY,7.2,805.4,1,9.485,#DIV/0!,#DIV/0!,807.5,#DIV/0!
PY,7.6,955.2,1,3.24,#DIV/0!,#DIV/0!,981.5,#DIV/0!
PY,7,322,1,0.3,#DIV/0!,#DIV/0!,270.5,#DIV/0!
PY,6.1,376.7,1,1.72,#DIV/0!,#DIV/0!,300,#DIV/0!
PY,7.7,524.9,1,0.83,#DIV/0!,#DIV/0!,486.5,#DIV/0!
PY,7.7,836.2333333,1,4.3,#DIV/0!,#DIV/0!,760,#DIV/0!
PY,6.8,453.9333333,1,3.6,#DIV/0!,#DIV/0!,430,#DIV/0!
PY,7.6,1522.533333,1,1.435,#DIV/0!,#DIV/0!,1463,#DIV/0!
PY,6.5,505.5,1,4.5,#DIV/0!,#DIV/0!,562,#DIV/0!
PY,6.1,712.0333333,1,7.265,#DIV/0!,#DIV/0!,584,#DIV/0!
PY,7.1,483.0333333,1,4.285,#DIV/0!,#DIV/0!,548,#DIV/0!
PY,7,1221,1,1.07,#DIV/0!,#DIV/0!,1169,#DIV/0!
PY,5.3,194.4333333,1,0.3,#DIV/0!,#DIV/0!,190,#DIV/0!
PY,5,57,1,0.3,#DIV/0!,#DIV/0!,51,#DIV/0!
PY,8.4,1321.466667,1,0.35,#DIV/0!,#DIV/0!,1080.5,#DIV/0!
PY,6.4,1214.133333,1,0.3,#DIV/0!,#DIV/0!,1249,#DIV/0!
PY,8,1233.666667,1,0.3,#DIV/0!,#DIV/0!,1251,#DIV/0!
PY,8.1,1009.366667,1,0.45,#DIV/0!,#DIV/0!,834.5,#DIV/0!
PY,7.4,235.4666667,1,0.3,#DIV/0!,#DIV/0!,185.5,#DIV/0!
PB,7.8,816.9333333,1,0.3,2,2,743,0.3
PB,8,565.3333333,1,0.3,2,2,475,0.2
PB,8.5,1429.833333,1,0.8,2,2,1196.5,0.85
PB,8.4,1021.466667,1,0.75,2,2,946,0.8
PB,8.3,392.7666667,1,1.15,2,2,324,0.3
PB,7.6,751.5333333,1,0.35,2,2,651.5,0.3
PB,7.4,696.4666667,1,7.2,2,2,680,0.3
PB,7.5,342.5,1,1.2,2,2,281,0.6
PB,7.3,1242.433333,1,11,2,2,1056,0.2
PB,7.9,614.3,1,0.45,2,2,538.5,0.2
PB,7.8,535.6,1,0.5,2,2,502.5,0.4
PB,7.7,1093.233333,1,9.2,2,2,931,0.3
PB,7.7,303.9,1,0.75,2,2,260,0.2
PB,8,930.6666667,1,2.4,2,2,697,0.4
PB,7.7,418.5666667,1,0.3,2,2,350,0.35
PB,7.4,318.4666667,1,0.85,2,2,270.5,0.2
PB,7.7,612.5666667,1,2.1,2,2,578,0.2
PB,7.6,1345.866667,1,1.4,2,2,1502,0.9
PB,7.8,638.2666667,1,0.5,2,2,597.5,0.45
PB,7.8,652.6,1,0.55,2,2,619.5,0.5
PB,8,419.3333333,1,0.31,2,2,365,0.25
PB,7.6,538.8666667,1,0.5,2,2,496.5,0.4
PB,7.8,464.9333333,1,0.9,2,2,491,0.35
PB,8,331.3333333,1,0.3,2,2,314,0.2
PB,7.5,347.1666667,1,0.3,2,2,305,0.5
PB,7.8,382.6,1,0.3,2,2,335,0.3
PB,7.9,609.9666667,1,1.2,2,2,498,0.4
PB,7.3,775.7666667,1,10.3,2,2,638,0.2
PB,7.7,1075.233333,1,0.3,2,2,941,0.4
PB,8,1075,1,3.55,2,2,909.5,0.45
PB,8.2,691.4,1,1.65,2,2,590.5,0.25
PB,8.1,595.0333333,1,0.75,2,2,535.5,0.25
PB,8,354,1,0.35,2,2,317.5,0.3
RJ,7.7,1732.566667,#DIV/0!,1.97,4,5.5,1761,0.45
RJ,8,835.6666667,#DIV/0!,2.92,78.5,135,868,0.6
RJ,8.1,1992.7,#DIV/0!,7.7,10.5,17,2036,1.2
RJ,7.6,1024.533333,#DIV/0!,3.09,14,24.5,1055,0.75
RJ,8.4,681.1333333,#DIV/0!,2.74,276.5,670,704.5,0.6
RJ,8.2,1042.4,#DIV/0!,2.7,3,6.5,1058.5,0.55
RJ,7.9,1195.966667,#DIV/0!,7.56,3,10,1254.5,0.55
RJ,8.2,1512.733333,#DIV/0!,8.28,78.5,225,1502,0.7
RJ,7.9,1142.633333,#DIV/0!,3.775,240,460,1160,0.5
RJ,8.1,752.0333333,#DIV/0!,3.26,2,3,775,0.4
RJ,7.8,3202.6,#DIV/0!,3.16,2,4,3678,0.8
RJ,8.2,1692.733333,#DIV/0!,6.7,180,335,1695,0.8
RJ,8.2,1486.066667,#DIV/0!,4.42,3,5.5,1525.5,0.4
RJ,7.9,2759.3,#DIV/0!,1.37,39,97.5,2794,0.4
RJ,7.7,640.9,#DIV/0!,1.3,2.5,3.5,671.5,0.5
RJ,7.9,17669.3,#DIV/0!,5.1,2.5,3,20254,0.4
RJ,7.9,10635.96667,#DIV/0!,3.86,3.5,5.5,11674,0.5
RJ,7.8,1702.6,#DIV/0!,1.99,11.5,21,1717,0.95
RJ,8.1,1292.7,#DIV/0!,8.25,51.5,97.5,1320.5,1
RJ,#DIV/0!,#DIV/0!,#DIV/0!,#DIV/0!,#DIV/0!,#DIV/0!,#DIV/0!,#DIV/0!
RJ,7.8,3869.266667,#DIV/0!,3.62,6.5,15,4156,0.65
RJ,8,710,#DIV/0!,3.08,9,15.5,715,0.55
RJ,8.2,2116.066667,#DIV/0!,4.9,3.5,5.5,2104,0.95
RJ,8.2,759.4,#DIV/0!,2.82,4,9,831,0.8
RJ,8.2,1269.4,#DIV/0!,3.75,4,8,1412,0.95
RJ,8.3,3669.433333,#DIV/0!,5.48,5.5,11.5,2033,1.25
RJ,8,1137.666667,13.2,2.74,5.5,10,1096,0.55
RJ,7.9,852.6333333,#DIV/0!,2.5,5,9,894,1
RJ,7.9,745.9666667,#DIV/0!,2.92,6.5,11.5,812,0.95
RJ,8,1689.333333,#DIV/0!,3.91,4,8,1718.5,0.9
RJ,7.8,1692.6,#DIV/0!,2.36,15,25.5,1729.5,1
RJ,7.9,947.6333333,#DIV/0!,1.9,9,24.5,948.5,1.15
RJ,8,5666,#DIV/0!,5.35,3.5,7,6018,1.35
RJ,7.9,1702.633333,#DIV/0!,2.45,5.5,9,1834,0.55
RJ,8.2,431.0666667,#DIV/0!,2.23,3.5,5.5,442,0.9
RJ,8,1415.333333,#DIV/0!,1.88,11.5,17.5,1573.5,0.8
RJ,8.1,1132.7,#DIV/0!,2.9,5,9,1156,0.65
RJ,7.1,842.7,#DIV/0!,1.68,5.5,12.5,889.5,0.75
RJ,7.9,1552.633333,#DIV/0!,4.46,3,4,1579.5,0.75
RJ,7.3,794.4333333,#DIV/0!,2.87,3,7.5,802,0.65
RJ,7.7,1902.566667,#DIV/0!,3.82,5.5,10,2060,0.5
RJ,7.4,676.8,#DIV/0!,1.26,8,18.5,733,0.45
RJ,8.2,696.0666667,#DIV/0!,2.08,5,7.5,745,0.7
RJ,8,794.6666667,#DIV/0!,4.9,5.5,14.5,817.5,0.9
RJ,7.1,1173.033333,#DIV/0!,2.65,4,8,1216.5,0.7
RJ,7.8,865.6,#DIV/0!,1.75,8.5,12,882.5,0.45
RJ,8.1,1149.366667,#DIV/0!,2.5,5.5,10,1192,1
RJ,8.4,266.1333333,#DIV/0!,1.17,14,20.5,282,0.9
RJ,7.3,1185.766667,#DIV/0!,1.8,2.5,3.5,1233.5,0.9
RJ,8.3,488.7666667,#DIV/0!,0.93,8,20,500.5,0.5
RJ,8,999.3333333,#DIV/0!,1.88,3.5,3.5,1028,0.65
RJ,7.2,819.0666667,#DIV/0!,2.15,7,14,882,0.8
RJ,7.1,1184.7,#DIV/0!,2.52,5,9,1213.5,0.75
RJ,8.1,3959.366667,#DIV/0!,5.04,7,11,4087,1.25
RJ,7,857.6666667,#DIV/0!,1.43,3.5,9,876.5,0.75
RJ,8.2,7336.066667,#DIV/0!,4.34,69.5,120,8141,0.5
RJ,7.8,1702.6,#DIV/0!,2.4,6.5,14,1775.5,0.95
RJ,8.3,420.7666667,#DIV/0!,1.31,3.5,8,427.5,0.65
RJ,7.6,1659.2,#DIV/0!,3.2,14,20.5,1703,0.75
RJ,8.5,742.8333333,#DIV/0!,3.46,3.5,6.5,843,0.8
RJ,7.7,838.5666667,#DIV/0!,2.11,2.5,3.5,867,0.85
RJ,8.3,909.4333333,#DIV/0!,1.8,9,20,1022,0.4
RJ,7.4,2272.466667,#DIV/0!,2.94,11.5,21,2294,0.6
RJ,7.1,2789.033333,#DIV/0!,1.79,14,24.5,2821,0.85
RJ,7.4,2305.8,#DIV/0!,1.28,20,24.5,2413,0.7
RJ,8,1296,#DIV/0!,3.64,39,69.5,1334,0.5
RJ,7.9,1057.966667,#DIV/0!,3.94,2,4,1095,0.55
RJ,8.2,974.4,#DIV/0!,4.02,6.5,11.5,978.5,0.45
RJ,7.2,1795.733333,#DIV/0!,2.36,150,210,1680,0.4
RJ,8.6,3052.866667,#DIV/0!,2.74,9,17,3152,1.15
RJ,#DIV/0!,#DIV/0!,#DIV/0!,#DIV/0!,#DIV/0!,#DIV/0!,#DIV/0!,#DIV/0!
RJ,7.8,5139.266667,#DIV/0!,3.995,6.5,14,5398,1.1
RJ,7.5,3452.5,#DIV/0!,2.82,4,10,3456,0.45
RJ,8.5,2639.5,#DIV/0!,2.36,5.5,14.5,2706,1.15
RJ,8.4,4402.8,#DIV/0!,4.155,49,92,4441,0.9
RJ,8.5,338.5,#DIV/0!,1.6,5.5,10,347,0.6
RJ,8.3,6119.433333,#DIV/0!,3.68,4.5,11.5,6314,1.15
RJ,8,2956,#DIV/0!,3.03,5.5,11,2934,1.15
RJ,8.5,3436.166667,#DIV/0!,6.46,240,460,3559,1.1
RJ,7.7,3269.233333,#DIV/0!,2.2,4,9,3788,0.9
RJ,8.2,16002.73333,#DIV/0!,3.78,14,24,17795,1.1
RJ,8.1,762.7,#DIV/0!,3.64,9,14,829,0.85
RJ,7.7,1489.233333,#DIV/0!,1.7,14.5,25.5,1562.5,1
RJ,7.6,1575.866667,#DIV/0!,2.18,9,24.5,1628,0.6
RJ,8.1,1586.033333,#DIV/0!,3.1,5.5,7.5,1651,1
RJ,7.6,5935.866667,#DIV/0!,3.9,6.5,14,6139,1
RJ,7.8,1432.6,#DIV/0!,3.75,6,9,1483.5,0.9
RJ,8.1,1043.7,#DIV/0!,1.56,112.5,625,1094.5,0.65
RJ,7.9,694.6333333,#DIV/0!,3.54,57,107,730.5,0.4
RJ,7.8,3602.6,#DIV/0!,4.4,11.5,22,3938,1.05
RJ,7.4,847.1333333,#DIV/0!,1.02,7,17.5,878,0.6
RJ,7.8,6669.266667,#DIV/0!,5.75,2.5,3.5,7466,0.5
RJ,8.2,13636.06667,#DIV/0!,4.68,6,11.5,14646,1.25
RJ,8.4,2436.133333,#DIV/0!,3.82,10.5,20.5,2677,1.05
RJ,7.7,9212.566667,#DIV/0!,4.15,5.5,9,9647,0.9
RJ,8.4,348.8,#DIV/0!,1.97,17.5,28,359,0.9
RJ,8.3,8509.433333,#DIV/0!,4.69,57,112.5,8733,1.1
RJ,7.8,4735.933333,#DIV/0!,3.095,4,10,5266,0.5
RJ,8.1,14036.03333,#DIV/0!,4.03,7,12.5,15106.5,1.15
RJ,7.9,2322.633333,#DIV/0!,5.1,8.5,12,2557,0.95
RJ,8.2,544.7333333,#DIV/0!,1.81,9,14.5,556.5,0.7
RJ,8.3,516.1,#DIV/0!,3.51,5,8.5,534.5,0.6
RJ,8.2,4509.4,#DIV/0!,4.52,5.5,13.5,4608,1.15
RJ,7.5,3642.5,#DIV/0!,3.295,2.5,9,3692,1.15
RJ,7.7,7219.233333,#DIV/0!,3.37,5.5,12,7527,1
RJ,7.9,3262.633333,#DIV/0!,2.81,6.5,10.5,3296,1.1
RJ,7.5,8772.5,#DIV/0!,4.94,4,9,9474,1.2
RJ,8.6,3906.2,#DIV/0!,3.595,9,17,4069,1.05
TN,7.5,163.5,1.5,0.3,6.5,24,147,0.2
TN,8,599,2.25,3.35,5,16.5,591,0.2
TN,6.7,1274.9,1,0.3,2,8,1212,0.9
TN,7.3,2779.1,1,0.305,2,5,2712,0.55
TN,7.5,509.5,1.75,0.355,2,26.5,484,0.35
TN,7.2,520.7333333,1.8,0.315,116,353,494,0.5
TN,8.4,216.1333333,1,0.3,2,5,198,0.2
TN,7.3,533.1,2.3,0.41,2,2,502,0.2
TN,6.7,134.9,2,0.3,21,63,144,0.8
TN,7,1209.333333,1,0.3,26.5,33.5,1170,0.2
TN,7.5,513.1666667,2.3,1.74,2,2,466,0.2
TN,6.9,1245.3,1,0.3,18.5,44,1504,0.2
TN,7.2,511.4,1,0.3,3,8,494,0.2
TN,7.4,1125.133333,2,0.3,2,4,1028,0.2
TN,8.1,171.7,1.5,0.3,2,3,155,0.2
TN,7.3,1044.766667,1.5,0.3,11.5,27.5,1022,0.55
TN,6.8,254.2666667,1,0.3,33,110,252,0.5
TN,7.8,636.9333333,2.5,0.6,22.5,92.5,615,0.2
TG,7.4,4695.8,#DIV/0!,22.8,2,2,4435,1.5
TG,7.4,2329.133333,#DIV/0!,22.5,#DIV/0!,#DIV/0!,2044,0.4
TG,7.9,805.9666667,#DIV/0!,13.15,2,109,742,0.95
TG,7.4,1514.133333,#DIV/0!,20.5,#DIV/0!,#DIV/0!,1274.5,0.4
TG,8.3,741.1,#DIV/0!,1.35,2,2,669.5,0.9
TG,6.9,807.6333333,#DIV/0!,14.5,#DIV/0!,#DIV/0!,706.5,0.4
TG,7.5,1012.166667,#DIV/0!,10,#DIV/0!,#DIV/0!,880.5,0.45
TG,8,944,#DIV/0!,2.45,2,2,906,0.6
TG,7.2,2346.733333,#DIV/0!,25.5,#DIV/0!,#DIV/0!,2009.5,0.45
TG,7.5,1036.5,#DIV/0!,13.5,#DIV/0!,#DIV/0!,832,0.25
TG,7.5,1348.5,#DIV/0!,18,#DIV/0!,#DIV/0!,1182.5,0.35
TG,7.4,1702.466667,#DIV/0!,22.5,#DIV/0!,#DIV/0!,1425,0.25
TG,8.7,740.2333333,#DIV/0!,6.2,2,2,667,0.7
TG,7.5,2306.833333,#DIV/0!,25,#DIV/0!,#DIV/0!,1952.5,0.25
TG,7.2,1137.4,#DIV/0!,12.5,#DIV/0!,#DIV/0!,1002.5,0.3
TG,6.6,735.8666667,#DIV/0!,17.5,#DIV/0!,#DIV/0!,694,0.5
TG,7.4,1123.8,#DIV/0!,13.5,#DIV/0!,#DIV/0!,942.5,0.3
TG,7.4,714.8,#DIV/0!,9,#DIV/0!,#DIV/0!,607,0.25
TG,7.4,1219.8,#DIV/0!,11.5,#DIV/0!,#DIV/0!,1072,0.35
TG,6.8,968.2666667,#DIV/0!,9.5,#DIV/0!,#DIV/0!,810.5,0.45
TG,6.8,800.9333333,#DIV/0!,7,#DIV/0!,#DIV/0!,684.5,0.45
TG,7.8,1807.933333,#DIV/0!,10.8,2,2,1706,0.8
TG,8.4,1150.466667,#DIV/0!,19.7,2,2,999,0.85
TG,7.3,1575.766667,#DIV/0!,12,#DIV/0!,#DIV/0!,1381,0.25
TG,7.4,1000.8,#DIV/0!,8.5,#DIV/0!,#DIV/0!,853,0.3
TG,7,702.3333333,#DIV/0!,6.5,#DIV/0!,#DIV/0!,596,0.3
TG,7.5,1248.833333,#DIV/0!,19.5,#DIV/0!,#DIV/0!,1060,0.55
TG,8,1056,#DIV/0!,22.15,2,63,938.5,0.95
,#DIV/0!,#DIV/0!,#DIV/0!,#DIV/0!,#DIV/0!,#DIV/0!,#DIV/0!,#DIV/0!
TG,7.9,1416.3,#DIV/0!,15,2,30.5,1265,0.95
TG,7.5,1808.833333,#DIV/0!,9.75,2,55.5,1663,1.2
TG,8.4,698.4666667,#DIV/0!,14.65,2,40.5,590.5,1.1
TG,8.7,559.5666667,#DIV/0!,5.6,2,41.5,504,0.9
TG,7.8,1495.6,#DIV/0!,13.45,2,46.5,1210.5,0.85
TG,7,1326.333333,#DIV/0!,18.5,#DIV/0!,#DIV/0!,1161.5,0.35
TG,6.8,1394.933333,#DIV/0!,19.5,#DIV/0!,#DIV/0!,1244,0.45
TG,6.6,2480.533333,#DIV/0!,25,#DIV/0!,#DIV/0!,2109,0.4
TG,7.2,600.0666667,#DIV/0!,11,#DIV/0!,#DIV/0!,543,0.5
TG,7.8,985.2666667,#DIV/0!,12.1,2,33,823.5,0.7
TG,8.2,1459.066667,#DIV/0!,29.9,2,42,1386.5,1.25
TG,8.3,1205.1,#DIV/0!,1,2,5,1001,1.1
TG,8.3,344.4333333,#DIV/0!,0.3,2,2,289,0.7
TG,7.5,807.5,#DIV/0!,5.5,#DIV/0!,#DIV/0!,671,0.3
TG,8,618.6666667,#DIV/0!,13.7,2,33.5,591,0.6
TR,6,78.33333333,1,0.3,2,2,63,0.2
TR,5.8,75.93333333,1,0.3,2,2,63,0.2
TR,6.6,76.53333333,1,0.3,2,2,66,0.2
TR,6.1,350.0333333,1,0.3,2,2,61,0.2
TR,5.9,79.3,1,0.3,2,2,63,0.2
TR,5.7,73.23333333,1,0.3,2,2,58,0.2
TR,5.5,76.5,1,0.3,2,2,61,0.2
TR,5.6,65.53333333,1,0.3,2,2,54,0.2
TR,6.2,69.73333333,1,0.3,2,2,56,0.2
TR,5.6,62.2,1,0.3,2,2,48,0.2
TR,6,84.33333333,1,0.3,2,2,65,0.2
TR,5.3,63.43333333,1,0.3,2,2,54,0.2
TR,5.7,76.9,1,0.3,2,2,64,0.2
TR,5.8,64.6,1,0.3,2,2,56,0.2
TR,6.3,64.76666667,1,0.3,2,2,53,0.2
TR,5.5,79.16666667,1,0.3,2,2,65,0.2
TR,6,69.33333333,1,0.3,2,2,57,0.2
TR,6.9,65.96666667,1,0.3,2,2,53,0.2
TR,6.5,63.83333333,1,0.3,2,2,51,0.2
TR,5.3,65.76666667,1,0.3,2,2,52,0.2
TR,5.9,69.96666667,1,0.3,2,2,62,0.2
TR,5.6,65.2,1,0.3,2,2,53,0.2
TR,5.7,66.9,1,0.335,2,2,60,0.2
TR,5.4,75.46666667,1,0.3,2,2,60,0.2
TR,5.7,83.56666667,1,0.3,2,2,70,0.2
TR,5.8,85.26666667,1,0.3,2,2,66,0.2
TR,6.1,69.36666667,1,0.3,2,2,55,0.2
TR,6.2,58.06666667,1,0.3,2,2,48,0.2
TR,6,62.33333333,1,0.3,2,2,55,0.2
TR,5.8,80.93333333,1,0.3,2,2,67,0.2
TR,5.7,74.23333333,1,0.3,2,2,60,0.2
TR,5.9,68.3,1,0.3,2,2,54,0.2
TR,7.2,69.73333333,1,0.3,2,2,57,0.2
TR,6.2,77.73333333,1,0.3,2,2,63,0.2
TR,7,77.33333333,1,0.3,2,2,64,0.2
TR,5.9,75.96666667,1,0.3,2,2,62,0.2
TR,5.5,75.16666667,1,0.3,2,2,65,0.2
TR,5.5,70.5,1,0.3,2,2,61,0.2
TR,5.8,59.26666667,1,0.3,2,2,53,0.2
TR,6.4,75.13333333,1,0.3,2,2,62,0.2
TR,6.9,68.3,1,0.3,2,2,56,0.2
TR,5.3,68.43333333,1,0.3,2,2,55,0.2
TR,6.1,59.7,1,0.3,2,2,46,0.2
TR,5.8,63.93333333,1,0.3,2,2,52,0.2
TR,5.7,63.9,1,0.3,2,2,51,0.2
TR,6.2,75.4,1,0.3,2,2,53,0.2
TR,6.5,63.83333333,1,0.3,2,2,51,0.2
TR,6.7,66.9,1,0.3,2,2,54,0.2
TR,5.6,73.2,1,0.3,2,2,55,0.2
TR,6.4,54.13333333,1,0.3,2,2,46,0.2
TR,5.8,76.6,1,0.335,2,2,62,0.2
TR,5.9,66.3,1,0.3,2,2,56,0.2
TR,5.6,62.86666667,1,0.3,2,2,52,0.2
TR,6.2,76.4,1,0.3,2,2,62,0.2
TR,5.8,77.93333333,1,0.3,2,2,67,0.2
TR,6,71.66666667,1,0.3,2,2,65,0.2
UP,7.2,1303.4,1,1.1,2,2,197.5,0.35
UP,7.3,807.4333333,1,0.875,2,2,257,0.4
UP,7.8,346.6,#DIV/0!,#DIV/0!,#DIV/0!,#DIV/0!,306.5,#DIV/0!
UP,7.8,368.6,#DIV/0!,#DIV/0!,#DIV/0!,#DIV/0!,319,#DIV/0!
UP,7.8,328.6,#DIV/0!,#DIV/0!,#DIV/0!,#DIV/0!,291,#DIV/0!
UP,7.7,327.9,#DIV/0!,#DIV/0!,#DIV/0!,#DIV/0!,267,#DIV/0!
UP,7.5,475.8333333,1,0.305,2,2,357.5,0.2
UP,7.2,762.4,1,0.895,2,2,238.5,0.4
UP,8.4,625.4666667,#DIV/0!,#DIV/0!,2,2,585,1.2
UP,8.1,615.7,#DIV/0!,#DIV/0!,2,2,715,0.7
UP,8,1736,#DIV/0!,#DIV/0!,#DIV/0!,#DIV/0!,1306,#DIV/0!
UP,7.4,568.4666667,1,0.3,2,2,537.5,0.2
UP,7.3,465.1,#DIV/0!,#DIV/0!,#DIV/0!,346,345,#DIV/0!
UP,8,520,#DIV/0!,#DIV/0!,2,2,508,0.65
UP,7.5,634.5,#DIV/0!,#DIV/0!,#DIV/0!,#DIV/0!,568,#DIV/0!
UP,7.5,299.1666667,1,0.3,2,32.5,265,0.25
UP,7.6,310.8666667,#DIV/0!,#DIV/0!,#DIV/0!,#DIV/0!,348.5,#DIV/0!
UP,7.2,922.4,1,0.3,2,2,836,0.2
UP,7.2,1393.066667,1.1,0.35,2,2,1192,0.2
UP,7.4,497.1333333,1,0.3,2,24,464,0.4
UP,7.4,126.4666667,#DIV/0!,#DIV/0!,#DIV/0!,#DIV/0!,94,#DIV/0!
UP,7.9,576.6333333,#DIV/0!,#DIV/0!,2,2,582,0.75
UK,7.9,282.6333333,1,2.6,2,2,260,0.2
UK,8.4,429.8,1,1.95,2,2,406,0.3
UK,7.2,215.7333333,6,0.3,#DIV/0!,#DIV/0!,218,0.5
UK,7.7,223.9,2.15,0.6,#DIV/0!,#DIV/0!,222,0.5
UK,7.5,242.5,1.45,0.3,#DIV/0!,#DIV/0!,221.5,0.5
UK,7.4,243.8,1.85,0.6,#DIV/0!,#DIV/0!,235.5,0.5
UK,7.7,201.9,1.9,0.3,#DIV/0!,#DIV/0!,187.5,0.8
UK,7.6,193.5333333,2.2,0.3,#DIV/0!,#DIV/0!,193.5,0.8
UK,8.3,384.7666667,1,3,2,2,357.5,0.2
UK,7.5,193.1666667,1,0.3,#DIV/0!,#DIV/0!,183,0.2
UK,7.5,221.1666667,2.55,0.3,#DIV/0!,#DIV/0!,182,0.4
UK,7.3,214.4333333,1.9,0.3,#DIV/0!,#DIV/0!,209.5,0.6
UK,6.7,135.2333333,1,0.3,2,2,125.5,0.5
UK,7.3,162.1,1,0.3,2,2,156.5,0.4
UK,7.6,387.8666667,1,1.2,2,2,599,0.2
UK,7.6,358.8666667,1,2.05,2,2,334.5,0.2
UK,7.5,318.1666667,3.05,0.3,2,2,243,0.6
UK,7.2,315.4,3.5,0.3,2,2,240,0.7
UK,8,185.3333333,1.85,0.3,2,2,169.5,0.4
WB,7.5,2804.5,1,0.75,2,5,3312,0.45
WB,8,286.3333333,1,0.4,2,2,243,0.75
WB,8,424,1,0.3,3,3.5,387,0.35
WB,7.6,897.5333333,1,0.3,2,3,780,0.35
WB,7.9,288.6333333,1,0.39,2,2,347,0.4
WB,8.4,1156.466667,1,0.3,8,9.5,917,0.35
WB,7.5,1658.166667,1,0.3,2,2,1470,0.45
WB,7.8,372.2666667,1,0.3,2,2,279,0.55
WB,7.5,1721.5,1,0.3,2,7.5,2002,0.25
WB,7.5,3607.5,1,0.5,2,2,608,0.85
WB,7.1,1039.7,1,0.3,2,2,1181,0.3
WB,7.8,506.6,1,0.505,2,2,494,0.3
WB,7.7,447.9,1,0.3,2,5,313,0.7
WB,7.9,501.3,1,0.3,2,2,446,0.45
WB,7.7,466.2333333,1,0.455,2,2,368,0.7
WB,7.4,846.8,1,0.69,2,2,775,0.8
WB,7.2,119.0666667,1,0.3,2,2,14,0.2
WB,7.7,545.9,1,0.37,2,2,452,0.65
WB,7.8,410.6,1,0.3,2,2,168,0.2
WB,8.1,445.0333333,1,0.3,2,4.5,352,0.85
WB,7.4,624.8,1,0.3,8,10,575,0.5
WB,8,1306,1,0.3,2,2,231,0.45
WB,8.1,437.7,1,0.4,2,2,490,0.45
WB,7.9,834.6333333,1,0.3,2,2,624,0.8
WB,7.6,48.86666667,1,0.355,2,2,39,0.2
WB,7.5,147.1666667,1,0.3,2,2,136,0.4
WB,8.1,225.0333333,1,0.31,2,2,189,0.35
WB,7.5,1637.166667,1,0.85,2,2,1715,0.35
WB,7.4,90.46666667,1,0.3,2,2,61,0.2
WB,7.5,545.8333333,1,0.405,2,2,552,0.35
WB,8.3,351.7666667,1,0.335,2,2,299,0.55
WB,7.8,738.9333333,1,0.345,2,2,687,0.6
WB,7.7,131.9,1,0.3,2,2,92,0.3
WB,7.4,118.8,1,0.3,2,2,85,0.2
WB,7.6,158.8666667,1,0.41,2,2,140,0.2
WB,7.5,508.1666667,1.1,0.805,3,28,439,0.3
WB,9.1,339.7,1,0.3,2,2,351,13.6
WB,7.2,877.0666667,1,0.3,2,22.5,909,0.35
WB,7.9,795.6333333,1,0.3,2,2,724,0.3
WB,8.4,384.1333333,1,0.3,2,2,389,0.4
WB,8,257,1,0.38,2,2,234,0.65
WB,8.2,473.7333333,1,0.345,3,5,483,0.6
WB,7.8,1509.933333,1,0.3,2,2,261,0.25
WB,7.5,909.1666667,1,0.325,2,6.5,805,0.4
WB,7.9,2447.633333,1,0.45,2,2,411,0.8
WB,7.9,713.6333333,1,0.35,2,2,525,0.4
WB,7.5,748.1666667,1,0.3,2,2,594,0.3
WB,7.8,1092.6,1,0.34,2,2,238,0.7
WB,8,642.6666667,1,0.3,2,2,656,0.95
WB,7.2,148.4,1,0.48,2,2,135,0.5
WB,8.1,505.3666667,1,0.3,2,2,419,0.35
WB,7.5,472.1666667,1,0.3,2,2,447,0.25
WB,7.9,338.9666667,1,0.3,2,5.5,486,0.55
WB,7.4,1057.466667,1,0.3,6,18.5,1429,0.3
WB,7.3,1211.1,1,0.3,18,53,1198,0.25
WB,7.6,668.8666667,1,0.55,2,2,478,0.25
WB,8.2,271.7333333,1,0.305,2,2,204,0.6
